The-Beam/Beam-On-Farmer,Beam-On-Farmer,arizona
ACE-Parking-201-E-Washington/ACE-PArking-201-E-Washington,ACE-PArking-201-E-Washington,arizona
Camelback-Red-Development-The-Grove/The-Grove,The-Grove,arizona
ABM-The-Esplanade/ABM-The-Esplanade,ABM-The-Esplanade,arizona
Little-Rock-Convention-and-Visitors-Bureau/Convention-District-Garage,Convention-District-Garage,arkanas
Little-Rock-Convention-and-Visitors-Bureau/River-Market-Deck,River-Market-Deck,arkanas
Little-Rock-Convention-and-Visitors-Bureau/Robinson-Center-Garage,Robinson-Center-Garage,arkanas
CA-CircaGroup/CA-CircaGroup,CA-CircaGroup,california
CA-Courtyard-Marriott-Monterey-Park/CA-Courtyard-Marriott-Monterey-Park,CA-Courtyard-Marriott-Monterey-Park,california
CA-Platinum-Parking/Beverly-Connection,Beverly-Connection,california
CA-CBX-Airport-LAZ/Cross-Borders-Express-Airport,Cross-Borders-Express-Airport,california
Avalon-Bay-Communities-AVA-Hollywood/Ava-Hollywood,Ava-Hollywood,california
Avalon-Bay-Communities-AVA-Hollywood/West Dublin,West Dublin,california
LAZ-Parking-Grand-Avenue-Hotel/Grand-Avenue-Palace,Grand-Avenue-Palace,california
Stockton-Metropolitan-Airport/Stockton-Metropolitan-Airport,Stockton-Metropolitan-Airport,california
Douglas-Parking-Fourdry-31/Douglas-Parking-Fourdry-31,Douglas-Parking-Fourdry-31,california
Springline/Springline,Springline,california
101-Modern-Parking/101-N-Brand,101-N-Brand,california
LAZ-Parking-Pier-39-Garage/LAZ-Pier-39-Garage,LAZ-Pier-39-Garage,california
Laz-Parking-Colorado-center/Laz-Parking-Colorado-center,Laz-Parking-Colorado-center,california
Onni-888-SouthOlive/888-South-Olive,888-South-Olive,california
Scripps-Mercy-Hospital/Scripps-6th-AVE,Scripps-6th-AVE,california
Jewish-Community-Center/Jewish-Community-Center,Jewish-Community-Center,california
CA-LaJolla/CA-LaJolla,CA-LaJolla,california
ABM-Century-Park-Towers/ABM-Century-Park-Towers,ABM-Century-Park-Towers,california
ABM-PARKING/ABM-Campus-Horton,ABM-Campus-Horton,california
Petersen-Automotive/Petersen-Automative,Petersen-Automative,california
Onni-Group/Hope-Flower,Hope-Flower,california
Onni-Group/Onni-South-Lake-Union,Onni-South-Lake-Union,california
CO-Denver-Health-and-Hospital/Delaware-Garage,Delaware-Garage,colarado
CO-Denver-Health-and-Hospital/Denver-Health-and-Hospital,Denver-Health-and-Hospital,colarado
Parkwell-One-Plate/Parkwell-One-Plate,Parkwell-One-Plate,colarado
Parkwell-One-Plate/Parkwell-One-Platte,Parkwell-One-Platte,colarado
Tabor-Center-Garage/Tabor-Center-Garage,Tabor-Center-Garage,colarado
Parkwell-Union-west-towers/Parkwell-Union-west-towers,Parkwell-Union-west-towers,colarado
Propark-Sheraton-Denver/Sheraton-Denver,Sheraton-Denver,colarado
NewMark-1800-Larimer/NewMark-1800-Larimer,NewMark-1800-Larimer,colarado
Parkwell/Circa-Denver,Circa-Denver,colarado
Residence-Inn-Denver/Residence-Inn-Denver,Residence-Inn-Denver,colarado
CO-EvansStationNorth/CO-EvansStationNorth,CO-EvansStationNorth,colarado
Vail-Hospital/VaiHospital,VaiHospital,colarado
Vail-Hospital/Vail Hospital,Vail Hospital/,colarado
Vail-Hospital/Vail-Hospital,Vail-Hospital,colarado
GoldBuilding/CT-GoldBuilding,CT-GoldBuilding,connectcut
Town-Center-Garage/CT-Town-Center-Garage,CT-Town-Center-Garage,connectcut
CT-TNStamford/CT-TNStamford,CT-TNStamford,connectcut
DoubleTree-Bristol/DoubleTree-Bristol,DoubleTree-Bristol,connectcut
Mystic-Downtown/Mystic Downtown,Mystic Downtown,connectcut
CT-Hartford21/Commercial,Commercial,connectcut
CT-Hartford21/Residential,Residential,connectcut
QuikPark-Quadrangle/One-Freedom-Plaza,One-Freedom-Plaza,DC
QuikPark-Quadrangle/QuikPark-1001-G-St,QuikPark-1001-G-St,DC
LAZ-Washington-Hospital/Washington-Hospital,Washington-Hospital,DC
SP-Plus-20-Mass-Ave/SP-Plus-20-Mass-Ave,SP-Plus-20-Mass-Ave,DC
One-Parking-555-Garage/One-Parking-555-Garage,One-Parking-555-Garage,DC
Esperante-Corporate-Center/Esperante-Corporate-Center,Esperante-Corporate-Center,florida
Plaza-Coral-Gables/North-Side,North-Side,florida
Plaza-Coral-Gables/South-Side,South-Side,florida
Evermore-Orlando-Resort/Evermore-Orlando-Resort,Evermore-Orlando-Resort,florida
First-class-parking-Beach-Walk-resort/Beach-Walk-resort,Beach-Walk-resort,florida
100-North-Tampa/100-North-Tampa,100-North-Tampa,florida
LAZ-Parking-Destin-Fort-Walton-Beach-Airport/Destin-Fort-Walton-Beach-Airport,Destin-Fort-Walton-Beach-Airport,florida
LAZ-121-Alhambra/121-Alhambra,121-Alhambra,florida
Canaveral-Port-Autority/CT-1-Flounder-Lot,CT-1-Flounder-Lot,florida
Canaveral-Port-Autority/CT-1-Garage,CT-1-Garage,florida
Canaveral-Port-Autority/CT-1-West-Lot,CT-1-West-Lot,florida
Canaveral-Port-Autority/CT-5-Garage,CT-5-Garage,florida
Canaveral-Port-Autority/Port-Canaveral-CT10,Port-Canaveral-CT10,florida
Canaveral-Port-Autority/Port-Canaveral-CT10,Port-Canaveral,florida
Fast-Park-MCO/FastPark-MCO,FastPark-MCO,florida
ParKonect-Downtown-Doral/Doral-Blue-Garage,Doral-Blue-Garage,florida
ParKonect-Downtown-Doral/Doral-Green-Garage,Doral-Green-Garage,florida
ParKonect-Downtown-Doral/Doral-Purple-Garage,Doral-Purple-Garage,florida
ParKonect-Downtown-Doral/Doral-Red-Garage,Doral-Red-Garage,florida
LAZ-555-Washington/555-Washington,555-Washington,florida
South-Park-Management-10-Aragon-Ave/10-Aragon-Ave,10-Aragon-Ave,florida
420-PLC-Investments/Park-420,Park-420,florida
South-Park-Lincoln-Center-Garage/South-Park-Lincoln-Center-Garage,South-Park-Lincoln-Center-Garage,florida
ESJ J.I Operations-LLC/ESJ-Operations-LLC-Jungle-Island,ESJ-Operations-LLC-Jungle-Island,florida
Wynwood-28-Miami/Wynwood-Miami-FL-33127,Wynwood-Miami-FL-33127,florida
Blvd-Lenox/BlvdAtLenox,BlvdAtLenox,florida
20-N-Orange-Universal-parking-Transport/20-N-Orange,20-N-Orange,florida
Hilton-Miami-Blue-Lagoon/Hilton-Miami-Blue-Lagoon,Hilton-Miami-Blue-Lagoon,florida
IP-Capital-Partners/6262-Sunset-Dr,6262-Sunset-Dr,florida
LaBelleFurs/LaBelle-Furs,LaBelle-Furs,florida
Grandview-Palace/Grandview-Palace,Grandview-Palace,florida
GA-JWMarriott-Savannah/GA-JWMarriott-Savannah,GA-JWMarriott-Savannah,geogria
LAZ-Buckhead-Village/Buckhead-Village-District,Buckhead-Village-District,geogria
Parkonect-Truist-33-Bull/Truist-33-Bull,Truist-33-Bull,geogria
InterPark-AT102-Congress-Garage/AT102-Congress-Garage,AT102-Congress-Garage,geogria
LAZ-2827-Peachtree/2827-Peachtree,2827-Peachtree,geogria
730-Peachtree/730-PeachTree,730-PeachTree,geogria
ParKonect-Peachy-Airport-Parking/Peachy-Airport-Parking,Peachy-Airport-Parking,geogria
LAZ-Parking-TPB-Stadium/TPB-Stadium [Red-Deck],TPB-Stadium [Red-Deck],geogria
Echo-Street-West/Echo-St-West-Midtown-Commercial,Echo-St-West-Midtown-Commercial,geogria
Echo-Street-West/Echo-St-West-Residences,Echo-St-West-Residences,geogria
Centergy-Garage/GA-Centergy-Garage,GA-Centergy-Garage,geogria
55-Allen-Plaza/55-Allen-Plaza,55-Allen-Plaza,geogria
UPMC-Kaimuki-Gateway-Plaza/UPMC-Kaimuki-Gateway-Plaza,UPMC-Kaimuki-Gateway-Plaza,hawaii
Piikoi-Pacific-Property-Group/Piikoi-Garage,Piikoi-Garage,hawaii
LAZ-Roosevelt-Collection/LAZ-Roosevelt-Collection,LAZ-Roosevelt-Collection,illinois
Millennium-Park-Garages/MPG-Grant-Park-North-Garage,MPG-Grant-Park-North-Garage,illinois
Millennium-Park-Garages/MPG-Lakeside-Garage,MPG-Lakeside-Garage,illinois
Millennium-Park-Garages/MPG-Millennium-Garage,MPG-Millennium-Garage,illinois
InterPark-ch614-wells-park/InterPark-ch614-wells-park,InterPark-ch614-wells-park,illinois
CH607-InterPark-Washington-Wells/CH607-Washington-Wells-Self-Park-Garage-195,CH607-Washington-Wells-Self-Park-Garage-195,illinois
Interpark-CH616/Interpark-CH616-Traders-self-park,Interpark-CH616-Traders-self-park,illinois
InterPark-CH612-200W-Randolph/InterPark-CH612-200W-Randolph,InterPark-CH612-200W-Randolph,illinois
ABM-183-W-Monroe/183-W-Monroe,183-W-Monroe,illinois
ABM-Old-Post-Office/Old-Post-Office,Old-Post-Office,illinois
Interpark-CH597-Theater-District/Interpark-CH597-Theater-District,Interpark-CH597-Theater-District,illinois
Interpark-ch618-Franklin-self-park/Interpark-ch618-Franklin-self-park,Interpark-ch618-Franklin-self-park,illinois
Park-1-Chicago-plymouth-Garage/711s-Plymouth-Garage,711s-Plymouth-Garage,illinois
The-sinclair/Lasalle_st_chicago,Lasalle_st_chicago,illinois
8000-Maryland/8000-Maryland,8000-Maryland,missouri
InterPark-SL003:Kiener-Plaza-East/SL003:Kiener-Plaza-East,SL003:Kiener-Plaza-East,missouri
InterPark-SL004:Kiener-Plaza-West/SL004:Kiener-Plaza-West,SL004:Kiener-Plaza-West,missouri
Inter-Park-SL001:St-East-Garage/SL001: Statium-East-Garage,SL001: Statium-East-Garage,missouri
Mid-Con-Welsh-Plaza/Mid-Con-Welsh-Plaza,Mid-Con-Welsh-Plaza,missouri
Tabor-Center-Garage/Tabor-Center-Garage,Tabor-Center-Garage,montana
LAZ-Parking-Bozeman-Airport/LAZ-Parking-Bozeman-Airport,LAZ-Parking-Bozeman-Airport,montana
Omaha-Douglas-Public-Building-Commission/1910-Parking-Garage,omaha-douglas,nebraska
Hard-Rock/HardRock-Casino-and-Hotel-South-Lake-Tahoe,Hard-Rock,nevada
Circa-Hotel-Las-Vegas/Circa-Hotel-Las-Vegas,Circa-Hotel-Las-Vegas,nevada
Burke-Uncommons/Uncommon-PS-1,Burke-Uncommons,nevada
Burke-Uncommons/Uncommon-PS-2,Burke-Uncommons,nevada
Burke-Uncommons/Uncommons-PS-3,Burke-Uncommons,nevada
Hudson-Tea/Hudson-Tea,Hudson-Tea,new-jersey
LAZ Parking The ONE/The-OneJersey-City,The-OneJersey-City,new-jersey
LAZ-One-Newark-Center/LAZ-One-Newark-Center,LAZ-One-Newark-Center,new-jersey
Rutgers-University/Rutgers-University,Rutgers-University,new-jersey
SP-Plus-Galaxy-Towers/SP-Plus-Galaxy-Towers,SP-Plus-Galaxy-Towers,new-jersey
Renaissance-Newark-Airport/Renaissance-Newark-Airport,Renaissance-Newark-Airport,new-jersey
Princeton-University/East-Parking-Garage,Princeton-University,new-jersey
Princeton-University/Princeton-Meadows,Princeton-University,new-jersey
Princeton-University/Princeton-Pyne-Lot,Princeton-University,new-jersey
Brooklyn Museum/Brooklyn Museum,Brooklyn-Museum,new-york
Rivers-Casino-and-Resorts/River-Casino-Portsmouth,Rivers-Casino-and-Resorts,new-york
Rivers-Casino-and-Resorts/Rivers-Casino,Rivers-Casino-and-Resorts,new-york
Calvary-Hospital/Calvary-Hospital,Calvary-Hospital,new-york
LAZ-Headquarters-Plaza/Laz-Headquarters-Plaza,Laz-Headquarters-Plaza,new-york
Yonkers-Parking-Authority/Buena-Vista-Garage,Yonkers-Parking-Authority,new-york
Yonkers-Parking-Authority/Government-Center,Yonkers-Parking-Authority,new-york
LAZ-Parking-Stuytown/Stuytown,LAZ-Parking-Stuytown,new-york
NY-WhitePlains-Hospital/NY-WhitePlains-Hospital,NY-WhitePlains-Hospital,new-york
NY-Jamaica-center/NY-Jamaica-center,NY-Jamaica-center,new-york
NY-ParKonect-KingsPlaza/Kings_Plaza,NY-ParKonect-KingsPlaza,new-york
ParKonect-The-Carpark-Shops-at-Atlas/Shops-at-Atlas,Shops-at-Atlas,new-york
ABM-Nyack-Hospital/Nyack-Hospital,ABM-Nyack-Hospital,new-york
NY-ShopsAt-Skyview/NY-ShopsAt-Skyview,NY-ShopsAt-Skyview,new-york
CarParcs-NewYork/Queens-Center-Mall,CarParcs-NewYork,new-york
Albany-Parking-Authority/GreenHudson-Garage,Albany-Parking-Authority,new-york
Albany-Parking-Authority/Quackenbush-Garage,Albany-Parking-Authority,new-york
Albany-Parking-Authority/RiverFront-Garage,Albany-Parking-Authority,new-york
NY-Metropolitan-Museum-Of-Arts/The-Metropolitan-Museum-Of-Arts,NY-Metropolitan-Museum-Of-Arts,new-york
LAZ-Bofa-Gateway-Village/bofa-gateway-village,LAZ-Bofa-Gateway-Village,north-caroline
Laz-Bofa-1BAC/Laz-Bofa-1BAC-Garage,Laz-Bofa-1BAC,north-caroline
Fast-Park-RDU-Airport/RDU-Airport,RDU-Airport,north-caroline
LAZ-Bofa-7th-street-station/LAZ-Bofa-7th-street-station,LAZ-Bofa-7th-street-station,north-caroline
LAZ-BofA-401-Tryon/BofA-401-NTryon,LAZ-BofA-401-Tryon,north-caroline
Minot International Airport/Minot International Airport,minot-airport,north-dakota
Cincinnati-Ohio/222-W-7th,Cincinnati-Ohio,ohio
Cincinnati-Ohio/7 W 7th,Cincinnati-Ohio,ohio
LAZ-Tower-City/Tower-city-Cleveland-Ohio,LAZ-Tower-City,ohio
InterPark:200-Public-Square/200-Public-Square,InterPark:200-Public-Square,ohio
LAZ-Parking-Scripps-Garage/Scripps-Center-Garage,Scripps-Center-Garage,ohio
Crawford-Hoying-Delco/The-Delco,Crawford-Hoying-Delco,ohio
Cleveland-Museum/Cleveland-Museum-of-Natural-History,Cleveland-Museum,ohio
Laz-Parking-Water-street-Garage/Water-Street-Flat,Water-Street-Flat,ohio
Mabley-Place/Mabley-Place,Mabley-Place,ohio
Cincinnati-Zoo/Cincinnati-Zoo,Cincinnati-Zoo,ohio
Eugene Airport/Eugene Airport,Eugene Airport,oregon
City-Of-Eugene/City-OfEugene,City-Of-Eugene,oregon
City-of-Beaverton/Beaverton-Central-District-Garage,City-of-Beaverton,oregon
Brewery-Blocks/Brewery-Blocks-Garage,Brewery-Blocks,oregon
Penn-Medicine-Pavilion/PennFirst-Medical-Station-Pavilion,oenn-medicine,pennsylvania
Alco-Parking/Theater-Square-Garage,Alco-Parking,pennsylvania
Bethlehem-Polk-Street-Garage/Bethlehem-Parking-Authority,Bethlehem-Polk-Street-Garage,pennsylvania
Reef-Parking-West-Chester/Reef-Bicentennial-and-Chestnut-Garages,Reef-Parking-West-Chester,pennsylvania
InterPark-PI006:6th-Penn/PI006:6th-Penn,InterPark-PI006:6th-Penn,pennsylvania
PHL Airport/PHLAirport,Phl-airport,pennsylvania
PHL Airport/Cargo City,Phl-airport,pennsylvania
Easton-N4th-Street/North-4th-Street-Garage,North-4th-Street-Garage,pennsylvania
Hampshire-Assests-Mansion-Apartments/Mansion-Apartments-At-Bala,Mansion-Apartments-At-Bala,pennsylvania
City-of-Bethlehem-North-street-garage/City-of-Bethlehem-North-street-garage,City-of-Bethlehem-North-street-garage,pennsylvania
City-Of-Easton-3rd-Street/Easton-3rd-Street-Garage,Easton-3rd-Street-Garage,pennsylvania
Alco-Parking-Market-square-garage/Alco-Parking-Market-square-garage,Alco-Parking-Market-square-garage,pennsylvania
UPHS-PPMC-3910/PPMC-3910,UPHS-PPMC-3910,pennsylvania
Reef-Parking-UPHS-3600-Garage/UPHS-3600-Garage,UPHS-3600-Garage,pennsylvania
The-WaterFront-Street-lot/The-WaterFront-Street-lot,The-WaterFront-Street-lot,pennsylvania
UPMC/UPMC-MERCY-VRH,Upmc,pennsylvania
Reef-Parking-UPHS-PCAM-Garage/Reef-Parking-UPHS-PCAM-Garage,Reef-Parking-UPHS-PCAM-Garage,pennsylvania
Brandwine-Realty-trust/Brandwine-yards-west-tower,Brandwine-Realty-trust,pennsylvania
Gateway-Parking-Garage/Gateway-Parking-Garage,Gateway-Parking-Garage,pennsylvania
PPL-Center-Orange-Garage/PPL-Center-Orange-Garage-1044,PPL-Center-Orange-Garage,pennsylvania
Allentown-parking/Allentown-parking-Authority,Allentown-parking/,pennsylvania
City-Center-Allentown-8thnWalnut/8thandWalnut,8thandWalnut,pennsylvania
City-Center-Allentown-8thnWalnut/Arts-Walk-Deck,Arts-Walk-Deck,pennsylvania
Constitution-health-Plaza/Constitution-health-Plaza,Constitution-health-Plaza,pennsylvania
Convention-Center/Convention-Center,Convention-Center,pennsylvania
PA-Washington-Square-Garage-LAZ/Washington-Square-Garage,Washington-Square-Garage,pennsylvania
Rapid-City-Airport/Rapid-City-Airport,Rapid-City-Airport,south-dakota
Carta-North/CARTA North,CARTA-North,tennessee
TN-Amazon one tower/TN-Amazon one tower,Amazon-tower,tennessee
Austin-Centre/Austin-Centre,Austin-Centre,texas
405-Colorado/405-Colorado,405-Colorado/,texas
CA-Platinum-Parking/Beverly-Connection,Platinum-parking-beverly-connection,texas
The-Foundry-2/The-Foundry-2,The-Foundry-2,texas
TX-Eastlake-Tillery-Peak-Parking/3212-E-Cesar-Chavez,3212-E-Cesar-Chavez/,texas
Peak-Parking-South-Victory/South-Victory-1,South-victory-1,texas
Peak-Parking-South-Victory/South-Victory-2,South-victory-2,texas
Crowne-Plaza-Dallas-Downtown/Zone-1-Patient Parking,Zone-1-Patient Parking/,texas
HartLand-Plaza/HartLand-Plaza,Hartlane-plaza,texas
HartLand-Plaza/Upper-Level/,Hartland-upper-level,texas
Riversouth/Riversouth,Riversouth,texas
LAZ-707-Redemption-Blvd/LAZ-707-Redemption-Blvd,LAZ-707-Redemption-Blvd,texas
Holdsworth-Center/Campus-on-Lake-Austin,Campus-on-Lake-Austin,texas
ABM-Austin/600-Congress,600-Congress,texas
Raider-Park/Raider-Park,Raider-Park,texas
TX-Alley-Theatre-Garage/TX-Alley-Theatre-Garage,TX-Alley-Theatre-Garage,texas
816-Peak-parking/816-Congress,816-Congress,texas
Kemah-Boardwalk/Kemah-Boardwalk-Garage,Broadwalk-garage,texas
Kemah-Boardwalk/Kemah-Boardwalk-Lot-A,Broadwalk-Lot-A,texas
Kemah-Boardwalk/Kemah-Boardwalk-Lot-C,Broadwalk-Lot-C,texas
719-Olive-Street-Garage/719-Olive-Street-Garage,719-Olive-Street-Garage,texas
Park-First-Hilton-Medical-Center/Hilton-Houston-Medical-Center,Hilton-Houston-Medical-Center,texas
Stream-1515-E-Cesar/1515-E-Cesar-Chavez,1515-E-Cesar-Chavez,texas
WinPark-Block-250/Block-250,winpark-Block-250,texas
Landry's-Houston-Aquarium/Houston-Aquarium,Houston-Aquarium,texas
Fast-Park-HOU/Fast-Park-HOU-Airport,Fast-Park-HOU-Airport,texas
Fast-Park-IAH-Airport/Fast-Park-IAH-Airport,Fast-Park-IAH-Airport,texas
ABM-222-S.Main-Street/ABM-222-S. Main-Street,ABM-222-S-Main-Street,utah
Grand-America-Hotel/Grand-America-Hotel,Grand-America-Hotel,utah
Grand-America-Hotel/RAW-Bean-LOT,RAW-Bean-LOT,utah
Little-America-Hotel/Little-America-Hotel,Little-America-Hotel,utah
Williamsburg-Airport/Williamsburg-Airport,williamsburg-airport,virginia
Rivers-Casino-and-Resorts/Rivers-Casino,River-casino,virginia
City-Of-Virginia-Beach (CoVB)/Center-Blue-Garage,virginia-blue-garage,virginia
City-Of-Virginia-Beach (CoVB)/Center-Green-Garage,virginia-green-garage,virginia
City-Of-Virginia-Beach (CoVB)/Center-Orange-Garage,virginia-orange-garage,virginia
City-Of-Virginia-Beach (CoVB)/Center-Red-Garage,virginia-red-garage,virginia
City-Of-Virginia-Beach (CoVB)/CoVB-25th-Street-Garage,virginia-25th-street,virginia
City-Of-Virginia-Beach (CoVB)/CoVB-31st-Street-Garage,virginia-31st-garge,virginia
City-Of-Virginia-Beach (CoVB)/CoVB-9th-Steet-Garage,virginia-9th-garage,virginia
Laz-Parking-Union-Square/Union-Square-Seattle-WA,Union-Square-Seattle-WA,washington
SP-Parkonect-1150-Eastlake/1150-EastLake,1150-EastLake,washington
BXP-Safeco-Plaza/BXP-Safeco-Plaza,BXP-Safeco-Plaza,washington
RMR-Group-Unison-Elliott-West/Unison-Elliott-Bay-Seattle,RMR-Group-Unison-Elliott-West,washington
Onni-South-Lake-Union/Onni-South-Lake-Union,Onni-South-Lake-Union,washington
